--------------------------------------------------------
--  DDL for INSERT DATA
--------------------------------------------------------
-- Insert sequences
Insert into AweKey (KeyNam, KeyVal) values ('OpeKey', 6);
Insert into AweKey (KeyNam, KeyVal) values ('ThmKey', 17);
Insert into AweKey (KeyNam, KeyVal) values ('ProKey', 5);
Insert into AweKey (KeyNam, KeyVal) values ('ModKey', 917);
Insert into AweKey (KeyNam, KeyVal) values ('DbsKey', 17);
Insert into AweKey (KeyNam, KeyVal) values ('SitKey', 18);
Insert into AweKey (KeyNam, KeyVal) values ('ModOpeKey', 0);
Insert into AweKey (KeyNam, KeyVal) values ('ModProKey', 938);
Insert into AweKey (KeyNam, KeyVal) values ('SitModDbsKey', 2585);
Insert into AweKey (KeyNam, KeyVal) values ('ScrOpeKey', 0);
Insert into AweKey (KeyNam, KeyVal) values ('ScrProKey', 0);
Insert into AweKey (KeyNam, KeyVal) values ('EmlSrvKey', 0);
Insert into AweKey (KeyNam, KeyVal) values ('AppParKey', 39);
Insert into AweKey (KeyNam, KeyVal) values ('JmsKey', 0);
Insert into AweKey (KeyNam, KeyVal) values ('ScrCnfKey', 0);
Insert into AweKey (KeyNam, KeyVal) values ('ScrResKey', 0);
Insert into AweKey (KeyNam, KeyVal) values ('MntTstKey', 1);

-- Insert themes
Insert into AweThm (IdeThm, Nam, Act) values ('1','sunset','1');
Insert into AweThm (IdeThm, Nam, Act) values ('2','sky','1');
Insert into AweThm (IdeThm, Nam, Act) values ('3','eclipse','1');
Insert into AweThm (IdeThm, Nam, Act) values ('4','grass','1');
Insert into AweThm (IdeThm, Nam, Act) values ('5','sunny','1');
Insert into AweThm (IdeThm, Nam, Act) values ('6','purple-hills','1');
Insert into AweThm (IdeThm, Nam, Act) values ('7','frost','1');
Insert into AweThm (IdeThm, Nam, Act) values ('8','fresh','1');
Insert into AweThm (IdeThm, Nam, Act) values ('9','silver','1');
Insert into AweThm (IdeThm, Nam, Act) values ('10','clean','1');
Insert into AweThm (IdeThm, Nam, Act) values ('11','default','1');
Insert into AweThm (IdeThm, Nam, Act) values ('12','adminflare','1');
Insert into AweThm (IdeThm, Nam, Act) values ('13','dust','1');
Insert into AweThm (IdeThm, Nam, Act) values ('14','white','1');
Insert into AweThm (IdeThm, Nam, Act) values ('15','asphalt','1');
Insert into AweThm (IdeThm, Nam, Act) values ('16','amazonia','1');

-- Insert Awe parameters
Insert into AweAppPar (IdeAweAppPar,ParNam,ParVal,Cat,Des,Act) values ('1','DjrRepHisPth','/tmp/','2','Reports historize directory','1');
Insert into AweAppPar (IdeAweAppPar,ParNam,ParVal,Cat,Des,Act) values ('2','DjrSubTitStl','0','2','Put subtitle in different lines. ( Value=0 Inactive / Value=1 Active)','1');
Insert into AweAppPar (IdeAweAppPar,ParNam,ParVal,Cat,Des,Act) values ('3','DjrMgeOpt','0','2','Merge Reports trying to put two or more grids or charts in same page (0 Inactive/ 1 Active)','1');
Insert into AweAppPar (IdeAweAppPar,ParNam,ParVal,Cat,Des,Act) values ('4','DjrVerMar','0','2','Vertical margin (in pixels) for excel','1');
Insert into AweAppPar (IdeAweAppPar,ParNam,ParVal,Cat,Des,Act) values ('5','DjrRepPth','/tmp/','2','Generated report save directory','1');
Insert into AweAppPar (IdeAweAppPar,ParNam,ParVal,Cat,Des,Act) values ('6','DjrSepTck','1','2','Thickness for separator type columns','1');
Insert into AweAppPar (IdeAweAppPar,ParNam,ParVal,Cat,Des,Act) values ('7','MinPwd','3','1','Minimal number of characters in the password','1');
Insert into AweAppPar (IdeAweAppPar,ParNam,ParVal,Cat,Des,Act) values ('8','PwdPat',null,'1','Password pattern to validate','1');
Insert into AweAppPar (IdeAweAppPar,ParNam,ParVal,Cat,Des,Act) values ('9','PwdMaxNumLog','3','1','Number of attempts to login','1');
Insert into AweAppPar (IdeAweAppPar,ParNam,ParVal,Cat,Des,Act) values ('10','PwdExp','30','1','Number of days in which the password will expire','1');
Insert into AweAppPar (IdeAweAppPar,ParNam,ParVal,Cat,Des,Act) values ('11','DjrFntVer','8','2','Select minimun font size for vertically oriented reports','1');
Insert into AweAppPar (IdeAweAppPar,ParNam,ParVal,Cat,Des,Act) values ('12','DjrFntHor','8','2','Select minimun font size for horizontally oriented reports','1');
Insert into AweAppPar (IdeAweAppPar,ParNam,ParVal,Cat,Des,Act) values ('13','DjrCrtNum','5','2','Set the number of criteria to PROMPT in one column','1');
Insert into AweAppPar (IdeAweAppPar,ParNam,ParVal,Cat,Des,Act) values ('14','DjrMinMar ','20','2','Select minimun margin that will be used for Jasper','1');
Insert into AweAppPar (IdeAweAppPar,ParNam,ParVal,Cat,Des,Act) values ('15','DjrRmvLin','0','2','Remove all the cell borders except the ones in the column header','1');
Insert into AweAppPar (IdeAweAppPar,ParNam,ParVal,Cat,Des,Act) values ('16','DjrDefFnt',null,'2','Default jasper reports font','1');
Insert into AweAppPar (IdeAweAppPar,ParNam,ParVal,Cat,Des,Act) values ('17','MaxFntHor','10','2','Maximum font size for horizontal alignment','1');
Insert into AweAppPar (IdeAweAppPar,ParNam,ParVal,Cat,Des,Act) values ('18','MaxFntVer','10','2','Maximum font size for vertical alignment','1');
Insert into AweAppPar (IdeAweAppPar,ParNam,ParVal,Cat,Des,Act) values ('19','DjrHdgPag','0','2','Remove heading and pagination when exorting to excel','1');
Insert into AweAppPar (IdeAweAppPar,ParNam,ParVal,Cat,Des,Act) values ('20','DjrBokTit','0','2','Include book in report title','1');
Insert into AweAppPar (IdeAweAppPar,ParNam,ParVal,Cat,Des,Act) values ('21','Param1',null,'2','Dummy parameter','1');  
Insert into AweAppPar (IdeAweAppPar,ParNam,ParVal,Cat,Des,Act) values ('22','Param2',null,'2','Dummy parameter','1');
Insert into AweAppPar (IdeAweAppPar,ParNam,ParVal,Cat,Des,Act) values ('23','Param3',null,'2','Dummy parameter','1');
Insert into AweAppPar (IdeAweAppPar,ParNam,ParVal,Cat,Des,Act) values ('24','Param4',null,'2','Dummy parameter','1');
Insert into AweAppPar (IdeAweAppPar,ParNam,ParVal,Cat,Des,Act) values ('25','Param5',null,'2','Dummy parameter','1');
Insert into AweAppPar (IdeAweAppPar,ParNam,ParVal,Cat,Des,Act) values ('26','Param6',null,'2','Dummy parameter','1');
Insert into AweAppPar (IdeAweAppPar,ParNam,ParVal,Cat,Des,Act) values ('27','Param7',null,'2','Dummy parameter','1');
Insert into AweAppPar (IdeAweAppPar,ParNam,ParVal,Cat,Des,Act) values ('28','Param8',null,'2','Dummy parameter','1');
Insert into AweAppPar (IdeAweAppPar,ParNam,ParVal,Cat,Des,Act) values ('29','Param9',null,'2','Dummy parameter','1');
Insert into AweAppPar (IdeAweAppPar,ParNam,ParVal,Cat,Des,Act) values ('30','Param10',null,'2','Dummy parameter','1');
Insert into AweAppPar (IdeAweAppPar,ParNam,ParVal,Cat,Des,Act) values ('31','Param11',null,'2','Dummy parameter','1');  
Insert into AweAppPar (IdeAweAppPar,ParNam,ParVal,Cat,Des,Act) values ('32','Param12',null,'2','Dummy parameter','1');
Insert into AweAppPar (IdeAweAppPar,ParNam,ParVal,Cat,Des,Act) values ('33','Param13',null,'2','Dummy parameter','1');
Insert into AweAppPar (IdeAweAppPar,ParNam,ParVal,Cat,Des,Act) values ('34','Param14',null,'2','Dummy parameter','1');
Insert into AweAppPar (IdeAweAppPar,ParNam,ParVal,Cat,Des,Act) values ('35','Param15',null,'2','Dummy parameter','1');
Insert into AweAppPar (IdeAweAppPar,ParNam,ParVal,Cat,Des,Act) values ('36','Param16',null,'2','Dummy parameter','1');
Insert into AweAppPar (IdeAweAppPar,ParNam,ParVal,Cat,Des,Act) values ('37','Param17',null,'2','Dummy parameter','1');
Insert into AweAppPar (IdeAweAppPar,ParNam,ParVal,Cat,Des,Act) values ('38','Param18',null,'2','Dummy parameter','1');
Insert into AweAppPar (IdeAweAppPar,ParNam,ParVal,Cat,Des,Act) values ('39','Param19',null,'2','Dummy parameter','1');

-- Insert default profiles
Insert into AwePro (IdePro, Acr, Nam, IdeThm, ScrIni, Res, Act) values ('1','ADM','administrator','1',null,'administrator','1');
Insert into AwePro (IdePro, Acr, Nam, IdeThm, ScrIni, Res, Act) values ('2','GNR','general','1',null,'general','1');
Insert into AwePro (IdePro, Acr, Nam, IdeThm, ScrIni, Res, Act) values ('3','OPE','operator','1',null,'operator','1');
Insert into AwePro (IdePro, Acr, Nam, IdeThm, ScrIni, Res, Act) values ('4','TST','test','1',null,'test','1');

-- Insert default user
Insert into ope (IdeOpe, l1_nom, l1_pas, l1_con, l1_dev, l1_act, l1_trt, l1_uti, l1_opr, l1_dat, imp_nom, dat_mod, l1_psd, l1_lan, l1_sgn, PcPrn, EmlSrv, EmlAdr, OpeNam, IdePro, IdeThm) values (1,'test','5e52fee47e6b070565f74372468cdc699de89107',0,null,1,null,0,null,null,'none',(timestamp '1978-10-23 15:06:21'),(timestamp '2013-11-04 08:57:02'),'ENG',1,null,null,'test@test.com','Manager',(select IdePro from AwePro where Nam = 'administrator'),(select IdeThm from AweThm where Nam = 'sunset'));
Insert into ope (IdeOpe, l1_nom, l1_pas, l1_con, l1_dev, l1_act, l1_trt, l1_uti, l1_opr, l1_dat, imp_nom, dat_mod, l1_psd, l1_lan, l1_sgn, PcPrn, EmlSrv, EmlAdr, OpeNam, IdePro, IdeThm) values (2,'donald','5e52fee47e6b070565f74372468cdc699de89107',0,null,1,null,0,null,null,'none',null,(timestamp '2013-10-23 16:02:02'),'ESP',1,null,null,'donald@test.com','Pato Donald',(select IdePro from AwePro where Nam = 'administrator'),(select IdeThm from AweThm where Nam = 'sunset'));
Insert into ope (IdeOpe, l1_nom, l1_pas, l1_con, l1_dev, l1_act, l1_trt, l1_uti, l1_opr, l1_dat, imp_nom, dat_mod, l1_psd, l1_lan, l1_sgn, PcPrn, EmlSrv, EmlAdr, OpeNam, IdePro, IdeThm) values (3,'jorgito','5e52fee47e6b070565f74372468cdc699de89107',0,null,1,null,0,null,null,'none',null,null,'ESP',1,null,null,'jorgito@test.com','Jorgito',(select IdePro from AwePro where Nam = 'administrator'),(select IdeThm from AweThm where Nam = 'sunset'));
Insert into ope (IdeOpe, l1_nom, l1_pas, l1_con, l1_dev, l1_act, l1_trt, l1_uti, l1_opr, l1_dat, imp_nom, dat_mod, l1_psd, l1_lan, l1_sgn, PcPrn, EmlSrv, EmlAdr, OpeNam, IdePro, IdeThm) values (811,'juanito','5e52fee47e6b070565f74372468cdc699de89107',0,null,1,null,0,null,null,'none',null,null,'ENG',1,null,null,'juanito@test.com','Juanito',(select IdePro from AwePro where Nam = 'administrator'),(select IdeThm from AweThm where Nam = 'sunset'));
Insert into ope (IdeOpe, l1_nom, l1_pas, l1_con, l1_dev, l1_act, l1_trt, l1_uti, l1_opr, l1_dat, imp_nom, dat_mod, l1_psd, l1_lan, l1_sgn, PcPrn, EmlSrv, EmlAdr, OpeNam, IdePro, IdeThm) values (1702,'jaimito','5e52fee47e6b070565f74372468cdc699de89107',0,null,1,null,0,null,null,'none',null,null,'ENG',1,null,null,'jaimito@test.com','Jaimito',(select IdePro from AwePro where Nam = 'administrator'),(select IdeThm from AweThm where Nam = 'sunset'));

-- Insert AweSit
insert into AweSit (IdeSit, Nam, Ord, Act) values (10,	'Madrid',	2,	1);
insert into AweSit (IdeSit, Nam, Ord, Act) values (17,	'Onate',	1,	1);

-- Insert AweMod
insert into AweMod (IdeMod, Nam, ScrIni, IdeThm, Act, Ord) values (916,	'Test',	'Dbs',	4,	1, 2);
insert into AweMod (IdeMod, Nam, ScrIni, IdeThm, Act, Ord) values (28,	'Base',	'Sit',	2,	1, 1);

-- Insert AweDbs
insert into AweDbs (IdeDbs, Als, Des, Dct, Dbt, Drv, DbsUsr, DbsPwd, Typ, Dbc, Act) values (9	,'awesybase1','AWE SYBASE 1','J','syb','com.sybase.jdbc3.jdbc.SybDriver',null, null,'Des','jdbc:sybase:Tds:localhost:5005?ServiceName=awesybase1',	1	);
insert into AweDbs (IdeDbs, Als, Des, Dct, Dbt, Drv, DbsUsr, DbsPwd, Typ, Dbc, Act) values (8	,'awesqs1','AWE SQL SERVER 1','J','sqs','com.microsoft.sqlserver.jdbc.SQLServerDriver',null, null,'Des','	jdbc:sqlserver://localhost;databaseName=awesqs1',	1	);
insert into AweDbs (IdeDbs, Als, Des, Dct, Dbt, Drv, DbsUsr, DbsPwd, Typ, Dbc, Act) values (6	,'aweora1','AWE ORACLE 1','J','ora','oracle.jdbc.driver.OracleDriver',null, null,'Des','jdbc:oracle:thin:@localhost:1521:oracle1',	1	);
insert into AweDbs (IdeDbs, Als, Des, Dct, Dbt, Drv, DbsUsr, DbsPwd, Typ, Dbc, Act) values (7	,'aweora2','AWE ORACLE 2','J','ora','oracle.jdbc.driver.OracleDriver',null, null,'Des','jdbc:oracle:thin:@localhost:1521:oracle2',	1	);
insert into AweDbs (IdeDbs, Als, Des, Dct, Dbt, Drv, DbsUsr, DbsPwd, Typ, Dbc, Act) values (15  , 'awesqs2','AWE SQL SERVER 2','J','sqs','com.microsoft.sqlserver.jdbc.SQLServerDriver',null, null,'Des','	jdbc:sqlserver://localhost;databaseName=awealmsqs05',	1	);
insert into AweDbs (IdeDbs, Als, Des, Dct, Dbt, Drv, DbsUsr, DbsPwd, Typ, Dbc, Act) values (16  , 'awesybase2','AWE SYBASE 2','J','syb','com.sybase.jdbc3.jdbc.SybDriver',null, null,'Des','jdbc:sybase:Tds:localhost:5005?ServiceName=awesybase2',	1	);

-- Insert AweSitModDbs
insert into AweSitModDbs (IdeSitModDbs, IdeSit, IdeMod, IdeDbs, Ord) values (2579,	17,	916,	7,	1);
insert into AweSitModDbs (IdeSitModDbs, IdeSit, IdeMod, IdeDbs, Ord) values (2580,	10,	916,	6,	1);
insert into AweSitModDbs (IdeSitModDbs, IdeSit, IdeMod, IdeDbs, Ord) values (2581,	17,	916,	15,	2);
insert into AweSitModDbs (IdeSitModDbs, IdeSit, IdeMod, IdeDbs, Ord) values (2582,	10,	916,	8,	2);
insert into AweSitModDbs (IdeSitModDbs, IdeSit, IdeMod, IdeDbs, Ord) values (2583,	17,	916,	16,	3);
insert into AweSitModDbs (IdeSitModDbs, IdeSit, IdeMod, IdeDbs, Ord) values (2584,	10,	916,	9,	3);
insert into AweSitModDbs (IdeSitModDbs, IdeSit, IdeMod, IdeDbs, Ord) values (75,	10,	28,	6,	1);
insert into AweSitModDbs (IdeSitModDbs, IdeSit, IdeMod, IdeDbs, Ord) values (60,	17,	28,	7,	1);
insert into AweSitModDbs (IdeSitModDbs, IdeSit, IdeMod, IdeDbs, Ord) values (76,	10,	28,	8,	2);
insert into AweSitModDbs (IdeSitModDbs, IdeSit, IdeMod, IdeDbs, Ord) values (78,	17,	28,	15,	2);
insert into AweSitModDbs (IdeSitModDbs, IdeSit, IdeMod, IdeDbs, Ord) values (77,	10,	28,	9,	3);
insert into AweSitModDbs (IdeSitModDbs, IdeSit, IdeMod, IdeDbs, Ord) values (79,	17,	28,	16,	3);

-- Insert AweModPro
insert into AweModPro (IdeModPro, IdeMod, IdePro, Ord) values (937,	916,	1,	null);
insert into AweModPro (IdeModPro, IdeMod, IdePro, Ord) values (62,	28,	1,	null);
insert into AweModPro (IdeModPro, IdeMod, IdePro, Ord) values (65,	28,	2,	null);
insert into AweModPro (IdeModPro, IdeMod, IdePro, Ord) values (74,	28,	3,	null);

-- Insert HISAweDbs
insert into HISAweDbs (HISope, HISdat, HISact, IdeDbs, Als, Des, Dct, Dbt, Drv, DbsUsr, DbsPwd, Typ, Dbc, Act) values ('test', (timestamp '2019-01-01 23:00:01.001'), 'I', 16  , 'awesybase2','AWE SYBASE 2','J','syb','com.sybase.jdbc3.jdbc.SybDriver',null, null,'Des','jdbc:sybase:Tds:localhost:5005?ServiceName=awesybase2',	1	);
insert into HISAweDbs (HISope, HISdat, HISact, IdeDbs, Als, Des, Dct, Dbt, Drv, DbsUsr, DbsPwd, Typ, Dbc, Act) values ('test', (timestamp '2019-01-01 23:00:01.002'), 'I', 16  , 'awesybase2','AWE SYBASE 2','J','syb','com.sybase.jdbc3.jdbc.SybDriver',null, null,'Des','jdbc:sybase:Tds:localhost:5005?ServiceName=awesybase2',	1	);
insert into HISAweDbs (HISope, HISdat, HISact, IdeDbs, Als, Des, Dct, Dbt, Drv, DbsUsr, DbsPwd, Typ, Dbc, Act) values ('test', (timestamp '2019-01-01 23:00:01.003'), 'I', 16  , 'awesybase2','AWE SYBASE 2','J','syb','com.sybase.jdbc3.jdbc.SybDriver',null, null,'Des','jdbc:sybase:Tds:localhost:5005?ServiceName=awesybase2',	1	);
insert into HISAweDbs (HISope, HISdat, HISact, IdeDbs, Als, Des, Dct, Dbt, Drv, DbsUsr, DbsPwd, Typ, Dbc, Act) values ('test', (timestamp '2019-01-01 23:00:01.004'), 'I', 16  , 'awesybase2','AWE SYBASE 2','J','syb','com.sybase.jdbc3.jdbc.SybDriver',null, null,'Des','jdbc:sybase:Tds:localhost:5005?ServiceName=awesybase2',	1	);
insert into HISAweDbs (HISope, HISdat, HISact, IdeDbs, Als, Des, Dct, Dbt, Drv, DbsUsr, DbsPwd, Typ, Dbc, Act) values ('test', (timestamp '2019-01-01 23:00:01.005'), 'I', 16  , 'awesybase2','AWE SYBASE 2','J','syb','com.sybase.jdbc3.jdbc.SybDriver',null, null,'Des','jdbc:sybase:Tds:localhost:5005?ServiceName=awesybase2',	1	);
insert into HISAweDbs (HISope, HISdat, HISact, IdeDbs, Als, Des, Dct, Dbt, Drv, DbsUsr, DbsPwd, Typ, Dbc, Act) values ('test', (timestamp '2019-01-01 23:00:01.006'), 'I', 16  , 'awesybase2','AWE SYBASE 2','J','syb','com.sybase.jdbc3.jdbc.SybDriver',null, null,'Des','jdbc:sybase:Tds:localhost:5005?ServiceName=awesybase2',	1	);
insert into HISAweDbs (HISope, HISdat, HISact, IdeDbs, Als, Des, Dct, Dbt, Drv, DbsUsr, DbsPwd, Typ, Dbc, Act) values ('test', (timestamp '2019-01-01 23:00:01.007'), 'I', 16  , 'awesybase2','AWE SYBASE 2','J','syb','com.sybase.jdbc3.jdbc.SybDriver',null, null,'Des','jdbc:sybase:Tds:localhost:5005?ServiceName=awesybase2',	1	);
insert into HISAweDbs (HISope, HISdat, HISact, IdeDbs, Als, Des, Dct, Dbt, Drv, DbsUsr, DbsPwd, Typ, Dbc, Act) values ('test', (timestamp '2019-01-01 23:00:01.008'), 'I', 16  , 'awesybase2','AWE SYBASE 2','J','syb','com.sybase.jdbc3.jdbc.SybDriver',null, null,'Des','jdbc:sybase:Tds:localhost:5005?ServiceName=awesybase2',	1	);
insert into HISAweDbs (HISope, HISdat, HISact, IdeDbs, Als, Des, Dct, Dbt, Drv, DbsUsr, DbsPwd, Typ, Dbc, Act) values ('test', (timestamp '2019-01-01 23:00:01.009'), 'I', 16  , 'awesybase2','AWE SYBASE 2','J','syb','com.sybase.jdbc3.jdbc.SybDriver',null, null,'Des','jdbc:sybase:Tds:localhost:5005?ServiceName=awesybase2',	1	);
insert into HISAweDbs (HISope, HISdat, HISact, IdeDbs, Als, Des, Dct, Dbt, Drv, DbsUsr, DbsPwd, Typ, Dbc, Act) values ('test', (timestamp '2019-01-01 23:00:01.010'), 'I', 16  , 'awesybase2','AWE SYBASE 2','J','syb','com.sybase.jdbc3.jdbc.SybDriver',null, null,'Des','jdbc:sybase:Tds:localhost:5005?ServiceName=awesybase2',	1	);
insert into HISAweDbs (HISope, HISdat, HISact, IdeDbs, Als, Des, Dct, Dbt, Drv, DbsUsr, DbsPwd, Typ, Dbc, Act) values ('test', (timestamp '2019-01-01 23:00:01.011'), 'I', 16  , 'awesybase2','AWE SYBASE 2','J','syb','com.sybase.jdbc3.jdbc.SybDriver',null, null,'Des','jdbc:sybase:Tds:localhost:5005?ServiceName=awesybase2',	1	);
insert into HISAweDbs (HISope, HISdat, HISact, IdeDbs, Als, Des, Dct, Dbt, Drv, DbsUsr, DbsPwd, Typ, Dbc, Act) values ('test', (timestamp '2019-01-01 23:00:01.012'), 'I', 16  , 'awesybase2','AWE SYBASE 2','J','syb','com.sybase.jdbc3.jdbc.SybDriver',null, null,'Des','jdbc:sybase:Tds:localhost:5005?ServiceName=awesybase2',	1	);
insert into HISAweDbs (HISope, HISdat, HISact, IdeDbs, Als, Des, Dct, Dbt, Drv, DbsUsr, DbsPwd, Typ, Dbc, Act) values ('test', (timestamp '2019-01-01 23:00:01.013'), 'I', 16  , 'awesybase2','AWE SYBASE 2','J','syb','com.sybase.jdbc3.jdbc.SybDriver',null, null,'Des','jdbc:sybase:Tds:localhost:5005?ServiceName=awesybase2',	1	);
insert into HISAweDbs (HISope, HISdat, HISact, IdeDbs, Als, Des, Dct, Dbt, Drv, DbsUsr, DbsPwd, Typ, Dbc, Act) values ('test', (timestamp '2019-01-01 23:00:01.014'), 'I', 16  , 'awesybase2','AWE SYBASE 2','J','syb','com.sybase.jdbc3.jdbc.SybDriver',null, null,'Des','jdbc:sybase:Tds:localhost:5005?ServiceName=awesybase2',	1	);
insert into HISAweDbs (HISope, HISdat, HISact, IdeDbs, Als, Des, Dct, Dbt, Drv, DbsUsr, DbsPwd, Typ, Dbc, Act) values ('test', (timestamp '2019-01-01 23:00:01.015'), 'I', 16  , 'awesybase2','AWE SYBASE 2','J','syb','com.sybase.jdbc3.jdbc.SybDriver',null, null,'Des','jdbc:sybase:Tds:localhost:5005?ServiceName=awesybase2',	1	);
insert into HISAweDbs (HISope, HISdat, HISact, IdeDbs, Als, Des, Dct, Dbt, Drv, DbsUsr, DbsPwd, Typ, Dbc, Act) values ('test', (timestamp '2019-01-01 23:00:01.016'), 'I', 16  , 'awesybase2','AWE SYBASE 2','J','syb','com.sybase.jdbc3.jdbc.SybDriver',null, null,'Des','jdbc:sybase:Tds:localhost:5005?ServiceName=awesybase2',	1	);
insert into HISAweDbs (HISope, HISdat, HISact, IdeDbs, Als, Des, Dct, Dbt, Drv, DbsUsr, DbsPwd, Typ, Dbc, Act) values ('test', (timestamp '2019-01-01 23:00:01.017'), 'I', 16  , 'awesybase2','AWE SYBASE 2','J','syb','com.sybase.jdbc3.jdbc.SybDriver',null, null,'Des','jdbc:sybase:Tds:localhost:5005?ServiceName=awesybase2',	1	);
insert into HISAweDbs (HISope, HISdat, HISact, IdeDbs, Als, Des, Dct, Dbt, Drv, DbsUsr, DbsPwd, Typ, Dbc, Act) values ('test', (timestamp '2019-01-01 23:00:01.018'), 'I', 16  , 'awesybase2','AWE SYBASE 2','J','syb','com.sybase.jdbc3.jdbc.SybDriver',null, null,'Des','jdbc:sybase:Tds:localhost:5005?ServiceName=awesybase2',	1	);
insert into HISAweDbs (HISope, HISdat, HISact, IdeDbs, Als, Des, Dct, Dbt, Drv, DbsUsr, DbsPwd, Typ, Dbc, Act) values ('test', (timestamp '2019-01-01 23:00:01.019'), 'I', 16  , 'awesybase2','AWE SYBASE 2','J','syb','com.sybase.jdbc3.jdbc.SybDriver',null, null,'Des','jdbc:sybase:Tds:localhost:5005?ServiceName=awesybase2',	1	);
insert into HISAweDbs (HISope, HISdat, HISact, IdeDbs, Als, Des, Dct, Dbt, Drv, DbsUsr, DbsPwd, Typ, Dbc, Act) values ('test', (timestamp '2019-01-01 23:00:01.020'), 'I', 16  , 'awesybase2','AWE SYBASE 2','J','syb','com.sybase.jdbc3.jdbc.SybDriver',null, null,'Des','jdbc:sybase:Tds:localhost:5005?ServiceName=awesybase2',	1	);
insert into HISAweDbs (HISope, HISdat, HISact, IdeDbs, Als, Des, Dct, Dbt, Drv, DbsUsr, DbsPwd, Typ, Dbc, Act) values ('test', (timestamp '2019-01-01 23:00:01.021'), 'I', 16  , 'awesybase2','AWE SYBASE 2','J','syb','com.sybase.jdbc3.jdbc.SybDriver',null, null,'Des','jdbc:sybase:Tds:localhost:5005?ServiceName=awesybase2',	1	);
insert into HISAweDbs (HISope, HISdat, HISact, IdeDbs, Als, Des, Dct, Dbt, Drv, DbsUsr, DbsPwd, Typ, Dbc, Act) values ('test', (timestamp '2019-01-01 23:00:01.022'), 'I', 16  , 'awesybase2','AWE SYBASE 2','J','syb','com.sybase.jdbc3.jdbc.SybDriver',null, null,'Des','jdbc:sybase:Tds:localhost:5005?ServiceName=awesybase2',	1	);
insert into HISAweDbs (HISope, HISdat, HISact, IdeDbs, Als, Des, Dct, Dbt, Drv, DbsUsr, DbsPwd, Typ, Dbc, Act) values ('test', (timestamp '2019-01-01 23:00:01.023'), 'I', 16  , 'awesybase2','AWE SYBASE 2','J','syb','com.sybase.jdbc3.jdbc.SybDriver',null, null,'Des','jdbc:sybase:Tds:localhost:5005?ServiceName=awesybase2',	1	);
insert into HISAweDbs (HISope, HISdat, HISact, IdeDbs, Als, Des, Dct, Dbt, Drv, DbsUsr, DbsPwd, Typ, Dbc, Act) values ('test', (timestamp '2019-01-01 23:00:01.024'), 'I', 16  , 'awesybase2','AWE SYBASE 2','J','syb','com.sybase.jdbc3.jdbc.SybDriver',null, null,'Des','jdbc:sybase:Tds:localhost:5005?ServiceName=awesybase2',	1	);
insert into HISAweDbs (HISope, HISdat, HISact, IdeDbs, Als, Des, Dct, Dbt, Drv, DbsUsr, DbsPwd, Typ, Dbc, Act) values ('test', (timestamp '2019-01-01 23:00:01.025'), 'I', 16  , 'awesybase2','AWE SYBASE 2','J','syb','com.sybase.jdbc3.jdbc.SybDriver',null, null,'Des','jdbc:sybase:Tds:localhost:5005?ServiceName=awesybase2',	1	);
insert into HISAweDbs (HISope, HISdat, HISact, IdeDbs, Als, Des, Dct, Dbt, Drv, DbsUsr, DbsPwd, Typ, Dbc, Act) values ('test', (timestamp '2019-01-01 23:00:01.026'), 'I', 16  , 'awesybase2','AWE SYBASE 2','J','syb','com.sybase.jdbc3.jdbc.SybDriver',null, null,'Des','jdbc:sybase:Tds:localhost:5005?ServiceName=awesybase2',	1	);
insert into HISAweDbs (HISope, HISdat, HISact, IdeDbs, Als, Des, Dct, Dbt, Drv, DbsUsr, DbsPwd, Typ, Dbc, Act) values ('test', (timestamp '2019-01-01 23:00:01.027'), 'I', 16  , 'awesybase2','AWE SYBASE 2','J','syb','com.sybase.jdbc3.jdbc.SybDriver',null, null,'Des','jdbc:sybase:Tds:localhost:5005?ServiceName=awesybase2',	1	);
insert into HISAweDbs (HISope, HISdat, HISact, IdeDbs, Als, Des, Dct, Dbt, Drv, DbsUsr, DbsPwd, Typ, Dbc, Act) values ('test', (timestamp '2019-01-01 23:00:01.028'), 'I', 16  , 'awesybase2','AWE SYBASE 2','J','syb','com.sybase.jdbc3.jdbc.SybDriver',null, null,'Des','jdbc:sybase:Tds:localhost:5005?ServiceName=awesybase2',	1	);
insert into HISAweDbs (HISope, HISdat, HISact, IdeDbs, Als, Des, Dct, Dbt, Drv, DbsUsr, DbsPwd, Typ, Dbc, Act) values ('test', (timestamp '2019-01-01 23:00:01.029'), 'I', 16  , 'awesybase2','AWE SYBASE 2','J','syb','com.sybase.jdbc3.jdbc.SybDriver',null, null,'Des','jdbc:sybase:Tds:localhost:5005?ServiceName=awesybase2',	1	);
insert into HISAweDbs (HISope, HISdat, HISact, IdeDbs, Als, Des, Dct, Dbt, Drv, DbsUsr, DbsPwd, Typ, Dbc, Act) values ('test', (timestamp '2019-01-01 23:00:01.030'), 'I', 16  , 'awesybase2','AWE SYBASE 2','J','syb','com.sybase.jdbc3.jdbc.SybDriver',null, null,'Des','jdbc:sybase:Tds:localhost:5005?ServiceName=awesybase2',	1	);
insert into HISAweDbs (HISope, HISdat, HISact, IdeDbs, Als, Des, Dct, Dbt, Drv, DbsUsr, DbsPwd, Typ, Dbc, Act) values ('test', (timestamp '2019-01-01 23:00:01.031'), 'I', 16  , 'awesybase2','AWE SYBASE 2','J','syb','com.sybase.jdbc3.jdbc.SybDriver',null, null,'Des','jdbc:sybase:Tds:localhost:5005?ServiceName=awesybase2',	1	);
insert into HISAweDbs (HISope, HISdat, HISact, IdeDbs, Als, Des, Dct, Dbt, Drv, DbsUsr, DbsPwd, Typ, Dbc, Act) values ('test', (timestamp '2019-01-01 23:00:01.032'), 'I', 16  , 'awesybase2','AWE SYBASE 2','J','syb','com.sybase.jdbc3.jdbc.SybDriver',null, null,'Des','jdbc:sybase:Tds:localhost:5005?ServiceName=awesybase2',	1	);
insert into HISAweDbs (HISope, HISdat, HISact, IdeDbs, Als, Des, Dct, Dbt, Drv, DbsUsr, DbsPwd, Typ, Dbc, Act) values ('test', (timestamp '2019-01-01 23:00:01.033'), 'I', 16  , 'awesybase2','AWE SYBASE 2','J','syb','com.sybase.jdbc3.jdbc.SybDriver',null, null,'Des','jdbc:sybase:Tds:localhost:5005?ServiceName=awesybase2',	1	);
insert into HISAweDbs (HISope, HISdat, HISact, IdeDbs, Als, Des, Dct, Dbt, Drv, DbsUsr, DbsPwd, Typ, Dbc, Act) values ('test', (timestamp '2019-01-01 23:00:01.034'), 'I', 16  , 'awesybase2','AWE SYBASE 2','J','syb','com.sybase.jdbc3.jdbc.SybDriver',null, null,'Des','jdbc:sybase:Tds:localhost:5005?ServiceName=awesybase2',	1	);
insert into HISAweDbs (HISope, HISdat, HISact, IdeDbs, Als, Des, Dct, Dbt, Drv, DbsUsr, DbsPwd, Typ, Dbc, Act) values ('test', (timestamp '2019-01-01 23:00:01.035'), 'I', 16  , 'awesybase2','AWE SYBASE 2','J','syb','com.sybase.jdbc3.jdbc.SybDriver',null, null,'Des','jdbc:sybase:Tds:localhost:5005?ServiceName=awesybase2',	1	);
insert into HISAweDbs (HISope, HISdat, HISact, IdeDbs, Als, Des, Dct, Dbt, Drv, DbsUsr, DbsPwd, Typ, Dbc, Act) values ('test', (timestamp '2019-01-01 23:00:01.036'), 'I', 16  , 'awesybase2','AWE SYBASE 2','J','syb','com.sybase.jdbc3.jdbc.SybDriver',null, null,'Des','jdbc:sybase:Tds:localhost:5005?ServiceName=awesybase2',	1	);
insert into HISAweDbs (HISope, HISdat, HISact, IdeDbs, Als, Des, Dct, Dbt, Drv, DbsUsr, DbsPwd, Typ, Dbc, Act) values ('test', (timestamp '2019-01-01 23:00:01.037'), 'I', 16  , 'awesybase2','AWE SYBASE 2','J','syb','com.sybase.jdbc3.jdbc.SybDriver',null, null,'Des','jdbc:sybase:Tds:localhost:5005?ServiceName=awesybase2',	1	);
insert into HISAweDbs (HISope, HISdat, HISact, IdeDbs, Als, Des, Dct, Dbt, Drv, DbsUsr, DbsPwd, Typ, Dbc, Act) values ('test', (timestamp '2019-01-01 23:00:01.038'), 'I', 16  , 'awesybase2','AWE SYBASE 2','J','syb','com.sybase.jdbc3.jdbc.SybDriver',null, null,'Des','jdbc:sybase:Tds:localhost:5005?ServiceName=awesybase2',	1	);
insert into HISAweDbs (HISope, HISdat, HISact, IdeDbs, Als, Des, Dct, Dbt, Drv, DbsUsr, DbsPwd, Typ, Dbc, Act) values ('test', (timestamp '2019-01-01 23:00:01.039'), 'I', 16  , 'awesybase2','AWE SYBASE 2','J','syb','com.sybase.jdbc3.jdbc.SybDriver',null, null,'Des','jdbc:sybase:Tds:localhost:5005?ServiceName=awesybase2',	1	);
insert into HISAweDbs (HISope, HISdat, HISact, IdeDbs, Als, Des, Dct, Dbt, Drv, DbsUsr, DbsPwd, Typ, Dbc, Act) values ('test', (timestamp '2019-01-01 23:00:01.040'), 'I', 16  , 'awesybase2','AWE SYBASE 2','J','syb','com.sybase.jdbc3.jdbc.SybDriver',null, null,'Des','jdbc:sybase:Tds:localhost:5005?ServiceName=awesybase2',	1	);
insert into HISAweDbs (HISope, HISdat, HISact, IdeDbs, Als, Des, Dct, Dbt, Drv, DbsUsr, DbsPwd, Typ, Dbc, Act) values ('test', (timestamp '2019-01-01 23:00:03.041'), 'I', 16  , 'awesybase2','AWE SYBASE 2','J','syb','com.sybase.jdbc3.jdbc.SybDriver',null, null,'Des','jdbc:sybase:Tds:localhost:5005?ServiceName=awesybase2',	1	);
insert into HISAweDbs (HISope, HISdat, HISact, IdeDbs, Als, Des, Dct, Dbt, Drv, DbsUsr, DbsPwd, Typ, Dbc, Act) values ('test', (timestamp '2019-01-01 23:00:03.001'), 'I', 16  , 'awesybase2','AWE SYBASE 2','J','syb','com.sybase.jdbc3.jdbc.SybDriver',null, null,'Des','jdbc:sybase:Tds:localhost:5005?ServiceName=awesybase2',	1	);
insert into HISAweDbs (HISope, HISdat, HISact, IdeDbs, Als, Des, Dct, Dbt, Drv, DbsUsr, DbsPwd, Typ, Dbc, Act) values ('test', (timestamp '2019-01-01 23:00:03.002'), 'I', 16  , 'awesybase2','AWE SYBASE 2','J','syb','com.sybase.jdbc3.jdbc.SybDriver',null, null,'Des','jdbc:sybase:Tds:localhost:5005?ServiceName=awesybase2',	1	);
insert into HISAweDbs (HISope, HISdat, HISact, IdeDbs, Als, Des, Dct, Dbt, Drv, DbsUsr, DbsPwd, Typ, Dbc, Act) values ('test', (timestamp '2019-01-01 23:00:03.003'), 'I', 16  , 'awesybase2','AWE SYBASE 2','J','syb','com.sybase.jdbc3.jdbc.SybDriver',null, null,'Des','jdbc:sybase:Tds:localhost:5005?ServiceName=awesybase2',	1	);
insert into HISAweDbs (HISope, HISdat, HISact, IdeDbs, Als, Des, Dct, Dbt, Drv, DbsUsr, DbsPwd, Typ, Dbc, Act) values ('test', (timestamp '2019-01-01 23:00:03.004'), 'I', 16  , 'awesybase2','AWE SYBASE 2','J','syb','com.sybase.jdbc3.jdbc.SybDriver',null, null,'Des','jdbc:sybase:Tds:localhost:5005?ServiceName=awesybase2',	1	);
insert into HISAweDbs (HISope, HISdat, HISact, IdeDbs, Als, Des, Dct, Dbt, Drv, DbsUsr, DbsPwd, Typ, Dbc, Act) values ('test', (timestamp '2019-01-01 23:00:03.005'), 'I', 16  , 'awesybase2','AWE SYBASE 2','J','syb','com.sybase.jdbc3.jdbc.SybDriver',null, null,'Des','jdbc:sybase:Tds:localhost:5005?ServiceName=awesybase2',	1	);
insert into HISAweDbs (HISope, HISdat, HISact, IdeDbs, Als, Des, Dct, Dbt, Drv, DbsUsr, DbsPwd, Typ, Dbc, Act) values ('test', (timestamp '2019-01-01 23:00:03.006'), 'I', 16  , 'awesybase2','AWE SYBASE 2','J','syb','com.sybase.jdbc3.jdbc.SybDriver',null, null,'Des','jdbc:sybase:Tds:localhost:5005?ServiceName=awesybase2',	1	);
insert into HISAweDbs (HISope, HISdat, HISact, IdeDbs, Als, Des, Dct, Dbt, Drv, DbsUsr, DbsPwd, Typ, Dbc, Act) values ('test', (timestamp '2019-01-01 23:00:03.007'), 'I', 16  , 'awesybase2','AWE SYBASE 2','J','syb','com.sybase.jdbc3.jdbc.SybDriver',null, null,'Des','jdbc:sybase:Tds:localhost:5005?ServiceName=awesybase2',	1	);
insert into HISAweDbs (HISope, HISdat, HISact, IdeDbs, Als, Des, Dct, Dbt, Drv, DbsUsr, DbsPwd, Typ, Dbc, Act) values ('test', (timestamp '2019-01-01 23:00:03.008'), 'I', 16  , 'awesybase2','AWE SYBASE 2','J','syb','com.sybase.jdbc3.jdbc.SybDriver',null, null,'Des','jdbc:sybase:Tds:localhost:5005?ServiceName=awesybase2',	1	);
insert into HISAweDbs (HISope, HISdat, HISact, IdeDbs, Als, Des, Dct, Dbt, Drv, DbsUsr, DbsPwd, Typ, Dbc, Act) values ('test', (timestamp '2019-01-01 23:00:03.009'), 'I', 16  , 'awesybase2','AWE SYBASE 2','J','syb','com.sybase.jdbc3.jdbc.SybDriver',null, null,'Des','jdbc:sybase:Tds:localhost:5005?ServiceName=awesybase2',	1	);
insert into HISAweDbs (HISope, HISdat, HISact, IdeDbs, Als, Des, Dct, Dbt, Drv, DbsUsr, DbsPwd, Typ, Dbc, Act) values ('test', (timestamp '2019-01-01 23:00:03.010'), 'I', 16  , 'awesybase2','AWE SYBASE 2','J','syb','com.sybase.jdbc3.jdbc.SybDriver',null, null,'Des','jdbc:sybase:Tds:localhost:5005?ServiceName=awesybase2',	1	);
insert into HISAweDbs (HISope, HISdat, HISact, IdeDbs, Als, Des, Dct, Dbt, Drv, DbsUsr, DbsPwd, Typ, Dbc, Act) values ('test', (timestamp '2019-01-01 23:00:03.011'), 'I', 16  , 'awesybase2','AWE SYBASE 2','J','syb','com.sybase.jdbc3.jdbc.SybDriver',null, null,'Des','jdbc:sybase:Tds:localhost:5005?ServiceName=awesybase2',	1	);
insert into HISAweDbs (HISope, HISdat, HISact, IdeDbs, Als, Des, Dct, Dbt, Drv, DbsUsr, DbsPwd, Typ, Dbc, Act) values ('test', (timestamp '2019-01-01 23:00:03.012'), 'I', 16  , 'awesybase2','AWE SYBASE 2','J','syb','com.sybase.jdbc3.jdbc.SybDriver',null, null,'Des','jdbc:sybase:Tds:localhost:5005?ServiceName=awesybase2',	1	);
insert into HISAweDbs (HISope, HISdat, HISact, IdeDbs, Als, Des, Dct, Dbt, Drv, DbsUsr, DbsPwd, Typ, Dbc, Act) values ('test', (timestamp '2019-01-01 23:00:03.013'), 'I', 16  , 'awesybase2','AWE SYBASE 2','J','syb','com.sybase.jdbc3.jdbc.SybDriver',null, null,'Des','jdbc:sybase:Tds:localhost:5005?ServiceName=awesybase2',	1	);
insert into HISAweDbs (HISope, HISdat, HISact, IdeDbs, Als, Des, Dct, Dbt, Drv, DbsUsr, DbsPwd, Typ, Dbc, Act) values ('test', (timestamp '2019-01-01 23:00:03.014'), 'I', 16  , 'awesybase2','AWE SYBASE 2','J','syb','com.sybase.jdbc3.jdbc.SybDriver',null, null,'Des','jdbc:sybase:Tds:localhost:5005?ServiceName=awesybase2',	1	);
insert into HISAweDbs (HISope, HISdat, HISact, IdeDbs, Als, Des, Dct, Dbt, Drv, DbsUsr, DbsPwd, Typ, Dbc, Act) values ('test', (timestamp '2019-01-01 23:00:03.015'), 'I', 16  , 'awesybase2','AWE SYBASE 2','J','syb','com.sybase.jdbc3.jdbc.SybDriver',null, null,'Des','jdbc:sybase:Tds:localhost:5005?ServiceName=awesybase2',	1	);
insert into HISAweDbs (HISope, HISdat, HISact, IdeDbs, Als, Des, Dct, Dbt, Drv, DbsUsr, DbsPwd, Typ, Dbc, Act) values ('test', (timestamp '2019-01-01 23:00:03.016'), 'I', 16  , 'awesybase2','AWE SYBASE 2','J','syb','com.sybase.jdbc3.jdbc.SybDriver',null, null,'Des','jdbc:sybase:Tds:localhost:5005?ServiceName=awesybase2',	1	);
insert into HISAweDbs (HISope, HISdat, HISact, IdeDbs, Als, Des, Dct, Dbt, Drv, DbsUsr, DbsPwd, Typ, Dbc, Act) values ('test', (timestamp '2019-01-01 23:00:03.017'), 'I', 16  , 'awesybase2','AWE SYBASE 2','J','syb','com.sybase.jdbc3.jdbc.SybDriver',null, null,'Des','jdbc:sybase:Tds:localhost:5005?ServiceName=awesybase2',	1	);
insert into HISAweDbs (HISope, HISdat, HISact, IdeDbs, Als, Des, Dct, Dbt, Drv, DbsUsr, DbsPwd, Typ, Dbc, Act) values ('test', (timestamp '2019-01-01 23:00:03.018'), 'I', 16  , 'awesybase2','AWE SYBASE 2','J','syb','com.sybase.jdbc3.jdbc.SybDriver',null, null,'Des','jdbc:sybase:Tds:localhost:5005?ServiceName=awesybase2',	1	);
insert into HISAweDbs (HISope, HISdat, HISact, IdeDbs, Als, Des, Dct, Dbt, Drv, DbsUsr, DbsPwd, Typ, Dbc, Act) values ('test', (timestamp '2019-01-01 23:00:03.019'), 'I', 16  , 'awesybase2','AWE SYBASE 2','J','syb','com.sybase.jdbc3.jdbc.SybDriver',null, null,'Des','jdbc:sybase:Tds:localhost:5005?ServiceName=awesybase2',	1	);
insert into HISAweDbs (HISope, HISdat, HISact, IdeDbs, Als, Des, Dct, Dbt, Drv, DbsUsr, DbsPwd, Typ, Dbc, Act) values ('test', (timestamp '2019-01-01 23:00:03.020'), 'I', 16  , 'awesybase2','AWE SYBASE 2','J','syb','com.sybase.jdbc3.jdbc.SybDriver',null, null,'Des','jdbc:sybase:Tds:localhost:5005?ServiceName=awesybase2',	1	);
insert into HISAweDbs (HISope, HISdat, HISact, IdeDbs, Als, Des, Dct, Dbt, Drv, DbsUsr, DbsPwd, Typ, Dbc, Act) values ('test', (timestamp '2019-01-01 23:00:03.021'), 'I', 16  , 'awesybase2','AWE SYBASE 2','J','syb','com.sybase.jdbc3.jdbc.SybDriver',null, null,'Des','jdbc:sybase:Tds:localhost:5005?ServiceName=awesybase2',	1	);
insert into HISAweDbs (HISope, HISdat, HISact, IdeDbs, Als, Des, Dct, Dbt, Drv, DbsUsr, DbsPwd, Typ, Dbc, Act) values ('test', (timestamp '2019-01-01 23:00:03.022'), 'I', 16  , 'awesybase2','AWE SYBASE 2','J','syb','com.sybase.jdbc3.jdbc.SybDriver',null, null,'Des','jdbc:sybase:Tds:localhost:5005?ServiceName=awesybase2',	1	);
insert into HISAweDbs (HISope, HISdat, HISact, IdeDbs, Als, Des, Dct, Dbt, Drv, DbsUsr, DbsPwd, Typ, Dbc, Act) values ('test', (timestamp '2019-01-01 23:00:03.023'), 'I', 16  , 'awesybase2','AWE SYBASE 2','J','syb','com.sybase.jdbc3.jdbc.SybDriver',null, null,'Des','jdbc:sybase:Tds:localhost:5005?ServiceName=awesybase2',	1	);
insert into HISAweDbs (HISope, HISdat, HISact, IdeDbs, Als, Des, Dct, Dbt, Drv, DbsUsr, DbsPwd, Typ, Dbc, Act) values ('test', (timestamp '2019-01-01 23:00:03.024'), 'I', 16  , 'awesybase2','AWE SYBASE 2','J','syb','com.sybase.jdbc3.jdbc.SybDriver',null, null,'Des','jdbc:sybase:Tds:localhost:5005?ServiceName=awesybase2',	1	);
insert into HISAweDbs (HISope, HISdat, HISact, IdeDbs, Als, Des, Dct, Dbt, Drv, DbsUsr, DbsPwd, Typ, Dbc, Act) values ('test', (timestamp '2019-01-01 23:00:03.025'), 'I', 16  , 'awesybase2','AWE SYBASE 2','J','syb','com.sybase.jdbc3.jdbc.SybDriver',null, null,'Des','jdbc:sybase:Tds:localhost:5005?ServiceName=awesybase2',	1	);
insert into HISAweDbs (HISope, HISdat, HISact, IdeDbs, Als, Des, Dct, Dbt, Drv, DbsUsr, DbsPwd, Typ, Dbc, Act) values ('test', (timestamp '2019-01-01 23:00:03.026'), 'I', 16  , 'awesybase2','AWE SYBASE 2','J','syb','com.sybase.jdbc3.jdbc.SybDriver',null, null,'Des','jdbc:sybase:Tds:localhost:5005?ServiceName=awesybase2',	1	);
insert into HISAweDbs (HISope, HISdat, HISact, IdeDbs, Als, Des, Dct, Dbt, Drv, DbsUsr, DbsPwd, Typ, Dbc, Act) values ('test', (timestamp '2019-01-01 23:00:03.027'), 'I', 16  , 'awesybase2','AWE SYBASE 2','J','syb','com.sybase.jdbc3.jdbc.SybDriver',null, null,'Des','jdbc:sybase:Tds:localhost:5005?ServiceName=awesybase2',	1	);
insert into HISAweDbs (HISope, HISdat, HISact, IdeDbs, Als, Des, Dct, Dbt, Drv, DbsUsr, DbsPwd, Typ, Dbc, Act) values ('test', (timestamp '2019-01-01 23:00:03.028'), 'I', 16  , 'awesybase2','AWE SYBASE 2','J','syb','com.sybase.jdbc3.jdbc.SybDriver',null, null,'Des','jdbc:sybase:Tds:localhost:5005?ServiceName=awesybase2',	1	);
insert into HISAweDbs (HISope, HISdat, HISact, IdeDbs, Als, Des, Dct, Dbt, Drv, DbsUsr, DbsPwd, Typ, Dbc, Act) values ('test', (timestamp '2019-01-01 23:00:03.029'), 'I', 16  , 'awesybase2','AWE SYBASE 2','J','syb','com.sybase.jdbc3.jdbc.SybDriver',null, null,'Des','jdbc:sybase:Tds:localhost:5005?ServiceName=awesybase2',	1	);
insert into HISAweDbs (HISope, HISdat, HISact, IdeDbs, Als, Des, Dct, Dbt, Drv, DbsUsr, DbsPwd, Typ, Dbc, Act) values ('test', (timestamp '2019-01-01 23:00:03.030'), 'I', 16  , 'awesybase2','AWE SYBASE 2','J','syb','com.sybase.jdbc3.jdbc.SybDriver',null, null,'Des','jdbc:sybase:Tds:localhost:5005?ServiceName=awesybase2',	1	);
insert into HISAweDbs (HISope, HISdat, HISact, IdeDbs, Als, Des, Dct, Dbt, Drv, DbsUsr, DbsPwd, Typ, Dbc, Act) values ('test', (timestamp '2019-01-01 23:00:03.031'), 'I', 16  , 'awesybase2','AWE SYBASE 2','J','syb','com.sybase.jdbc3.jdbc.SybDriver',null, null,'Des','jdbc:sybase:Tds:localhost:5005?ServiceName=awesybase2',	1	);
insert into HISAweDbs (HISope, HISdat, HISact, IdeDbs, Als, Des, Dct, Dbt, Drv, DbsUsr, DbsPwd, Typ, Dbc, Act) values ('test', (timestamp '2019-01-01 23:00:03.032'), 'I', 16  , 'awesybase2','AWE SYBASE 2','J','syb','com.sybase.jdbc3.jdbc.SybDriver',null, null,'Des','jdbc:sybase:Tds:localhost:5005?ServiceName=awesybase2',	1	);
insert into HISAweDbs (HISope, HISdat, HISact, IdeDbs, Als, Des, Dct, Dbt, Drv, DbsUsr, DbsPwd, Typ, Dbc, Act) values ('test', (timestamp '2019-01-01 23:00:03.033'), 'I', 16  , 'awesybase2','AWE SYBASE 2','J','syb','com.sybase.jdbc3.jdbc.SybDriver',null, null,'Des','jdbc:sybase:Tds:localhost:5005?ServiceName=awesybase2',	1	);
insert into HISAweDbs (HISope, HISdat, HISact, IdeDbs, Als, Des, Dct, Dbt, Drv, DbsUsr, DbsPwd, Typ, Dbc, Act) values ('test', (timestamp '2019-01-01 23:00:03.034'), 'I', 16  , 'awesybase2','AWE SYBASE 2','J','syb','com.sybase.jdbc3.jdbc.SybDriver',null, null,'Des','jdbc:sybase:Tds:localhost:5005?ServiceName=awesybase2',	1	);
insert into HISAweDbs (HISope, HISdat, HISact, IdeDbs, Als, Des, Dct, Dbt, Drv, DbsUsr, DbsPwd, Typ, Dbc, Act) values ('test', (timestamp '2019-01-01 23:00:03.035'), 'I', 16  , 'awesybase2','AWE SYBASE 2','J','syb','com.sybase.jdbc3.jdbc.SybDriver',null, null,'Des','jdbc:sybase:Tds:localhost:5005?ServiceName=awesybase2',	1	);
insert into HISAweDbs (HISope, HISdat, HISact, IdeDbs, Als, Des, Dct, Dbt, Drv, DbsUsr, DbsPwd, Typ, Dbc, Act) values ('test', (timestamp '2019-01-01 23:00:03.036'), 'I', 16  , 'awesybase2','AWE SYBASE 2','J','syb','com.sybase.jdbc3.jdbc.SybDriver',null, null,'Des','jdbc:sybase:Tds:localhost:5005?ServiceName=awesybase2',	1	);
insert into HISAweDbs (HISope, HISdat, HISact, IdeDbs, Als, Des, Dct, Dbt, Drv, DbsUsr, DbsPwd, Typ, Dbc, Act) values ('test', (timestamp '2019-01-01 23:00:03.037'), 'I', 16  , 'awesybase2','AWE SYBASE 2','J','syb','com.sybase.jdbc3.jdbc.SybDriver',null, null,'Des','jdbc:sybase:Tds:localhost:5005?ServiceName=awesybase2',	1	);
insert into HISAweDbs (HISope, HISdat, HISact, IdeDbs, Als, Des, Dct, Dbt, Drv, DbsUsr, DbsPwd, Typ, Dbc, Act) values ('test', (timestamp '2019-01-01 23:00:03.038'), 'I', 16  , 'awesybase2','AWE SYBASE 2','J','syb','com.sybase.jdbc3.jdbc.SybDriver',null, null,'Des','jdbc:sybase:Tds:localhost:5005?ServiceName=awesybase2',	1	);
insert into HISAweDbs (HISope, HISdat, HISact, IdeDbs, Als, Des, Dct, Dbt, Drv, DbsUsr, DbsPwd, Typ, Dbc, Act) values ('test', (timestamp '2019-01-01 23:00:03.039'), 'I', 16  , 'awesybase2','AWE SYBASE 2','J','syb','com.sybase.jdbc3.jdbc.SybDriver',null, null,'Des','jdbc:sybase:Tds:localhost:5005?ServiceName=awesybase2',	1	);
insert into HISAweDbs (HISope, HISdat, HISact, IdeDbs, Als, Des, Dct, Dbt, Drv, DbsUsr, DbsPwd, Typ, Dbc, Act) values ('test', (timestamp '2019-01-01 23:00:03.040'), 'I', 16  , 'awesybase2','AWE SYBASE 2','J','syb','com.sybase.jdbc3.jdbc.SybDriver',null, null,'Des','jdbc:sybase:Tds:localhost:5005?ServiceName=awesybase2',	1	);
insert into HISAweDbs (HISope, HISdat, HISact, IdeDbs, Als, Des, Dct, Dbt, Drv, DbsUsr, DbsPwd, Typ, Dbc, Act) values ('test', (timestamp '2019-01-01 23:00:03.041'), 'I', 16  , 'awesybase2','AWE SYBASE 2','J','syb','com.sybase.jdbc3.jdbc.SybDriver',null, null,'Des','jdbc:sybase:Tds:localhost:5005?ServiceName=awesybase2',	1	);
insert into HISAweDbs (HISope, HISdat, HISact, IdeDbs, Als, Des, Dct, Dbt, Drv, DbsUsr, DbsPwd, Typ, Dbc, Act) values ('test', (timestamp '2019-01-01 23:00:03.041'), 'D', 16  , 'awesybase2','AWE SYBASE 2','J','syb','com.sybase.jdbc3.jdbc.SybDriver',null, null,'Des','jdbc:sybase:Tds:localhost:5005?ServiceName=awesybase2',	1	);
insert into HISAweDbs (HISope, HISdat, HISact, IdeDbs, Als, Des, Dct, Dbt, Drv, DbsUsr, DbsPwd, Typ, Dbc, Act) values ('test', (timestamp '2019-01-01 23:00:03.001'), 'D', 16  , 'awesybase2','AWE SYBASE 2','J','syb','com.sybase.jdbc3.jdbc.SybDriver',null, null,'Des','jdbc:sybase:Tds:localhost:5005?ServiceName=awesybase2',	1	);
insert into HISAweDbs (HISope, HISdat, HISact, IdeDbs, Als, Des, Dct, Dbt, Drv, DbsUsr, DbsPwd, Typ, Dbc, Act) values ('test', (timestamp '2019-01-01 23:00:03.002'), 'D', 16  , 'awesybase2','AWE SYBASE 2','J','syb','com.sybase.jdbc3.jdbc.SybDriver',null, null,'Des','jdbc:sybase:Tds:localhost:5005?ServiceName=awesybase2',	1	);
insert into HISAweDbs (HISope, HISdat, HISact, IdeDbs, Als, Des, Dct, Dbt, Drv, DbsUsr, DbsPwd, Typ, Dbc, Act) values ('test', (timestamp '2019-01-01 23:00:03.003'), 'D', 16  , 'awesybase2','AWE SYBASE 2','J','syb','com.sybase.jdbc3.jdbc.SybDriver',null, null,'Des','jdbc:sybase:Tds:localhost:5005?ServiceName=awesybase2',	1	);
insert into HISAweDbs (HISope, HISdat, HISact, IdeDbs, Als, Des, Dct, Dbt, Drv, DbsUsr, DbsPwd, Typ, Dbc, Act) values ('test', (timestamp '2019-01-01 23:00:03.004'), 'D', 16  , 'awesybase2','AWE SYBASE 2','J','syb','com.sybase.jdbc3.jdbc.SybDriver',null, null,'Des','jdbc:sybase:Tds:localhost:5005?ServiceName=awesybase2',	1	);
insert into HISAweDbs (HISope, HISdat, HISact, IdeDbs, Als, Des, Dct, Dbt, Drv, DbsUsr, DbsPwd, Typ, Dbc, Act) values ('test', (timestamp '2019-01-01 23:00:03.005'), 'D', 16  , 'awesybase2','AWE SYBASE 2','J','syb','com.sybase.jdbc3.jdbc.SybDriver',null, null,'Des','jdbc:sybase:Tds:localhost:5005?ServiceName=awesybase2',	1	);
insert into HISAweDbs (HISope, HISdat, HISact, IdeDbs, Als, Des, Dct, Dbt, Drv, DbsUsr, DbsPwd, Typ, Dbc, Act) values ('test', (timestamp '2019-01-01 23:00:03.006'), 'D', 16  , 'awesybase2','AWE SYBASE 2','J','syb','com.sybase.jdbc3.jdbc.SybDriver',null, null,'Des','jdbc:sybase:Tds:localhost:5005?ServiceName=awesybase2',	1	);
insert into HISAweDbs (HISope, HISdat, HISact, IdeDbs, Als, Des, Dct, Dbt, Drv, DbsUsr, DbsPwd, Typ, Dbc, Act) values ('test', (timestamp '2019-01-01 23:00:03.007'), 'D', 16  , 'awesybase2','AWE SYBASE 2','J','syb','com.sybase.jdbc3.jdbc.SybDriver',null, null,'Des','jdbc:sybase:Tds:localhost:5005?ServiceName=awesybase2',	1	);
insert into HISAweDbs (HISope, HISdat, HISact, IdeDbs, Als, Des, Dct, Dbt, Drv, DbsUsr, DbsPwd, Typ, Dbc, Act) values ('test', (timestamp '2019-01-01 23:00:03.008'), 'D', 16  , 'awesybase2','AWE SYBASE 2','J','syb','com.sybase.jdbc3.jdbc.SybDriver',null, null,'Des','jdbc:sybase:Tds:localhost:5005?ServiceName=awesybase2',	1	);
insert into HISAweDbs (HISope, HISdat, HISact, IdeDbs, Als, Des, Dct, Dbt, Drv, DbsUsr, DbsPwd, Typ, Dbc, Act) values ('test', (timestamp '2019-01-01 23:00:03.009'), 'D', 16  , 'awesybase2','AWE SYBASE 2','J','syb','com.sybase.jdbc3.jdbc.SybDriver',null, null,'Des','jdbc:sybase:Tds:localhost:5005?ServiceName=awesybase2',	1	);
insert into HISAweDbs (HISope, HISdat, HISact, IdeDbs, Als, Des, Dct, Dbt, Drv, DbsUsr, DbsPwd, Typ, Dbc, Act) values ('test', (timestamp '2019-01-01 23:00:03.010'), 'D', 16  , 'awesybase2','AWE SYBASE 2','J','syb','com.sybase.jdbc3.jdbc.SybDriver',null, null,'Des','jdbc:sybase:Tds:localhost:5005?ServiceName=awesybase2',	1	);
insert into HISAweDbs (HISope, HISdat, HISact, IdeDbs, Als, Des, Dct, Dbt, Drv, DbsUsr, DbsPwd, Typ, Dbc, Act) values ('test', (timestamp '2019-01-01 23:00:03.011'), 'D', 16  , 'awesybase2','AWE SYBASE 2','J','syb','com.sybase.jdbc3.jdbc.SybDriver',null, null,'Des','jdbc:sybase:Tds:localhost:5005?ServiceName=awesybase2',	1	);
insert into HISAweDbs (HISope, HISdat, HISact, IdeDbs, Als, Des, Dct, Dbt, Drv, DbsUsr, DbsPwd, Typ, Dbc, Act) values ('test', (timestamp '2019-01-01 23:00:03.012'), 'D', 16  , 'awesybase2','AWE SYBASE 2','J','syb','com.sybase.jdbc3.jdbc.SybDriver',null, null,'Des','jdbc:sybase:Tds:localhost:5005?ServiceName=awesybase2',	1	);
insert into HISAweDbs (HISope, HISdat, HISact, IdeDbs, Als, Des, Dct, Dbt, Drv, DbsUsr, DbsPwd, Typ, Dbc, Act) values ('test', (timestamp '2019-01-01 23:00:03.013'), 'D', 16  , 'awesybase2','AWE SYBASE 2','J','syb','com.sybase.jdbc3.jdbc.SybDriver',null, null,'Des','jdbc:sybase:Tds:localhost:5005?ServiceName=awesybase2',	1	);
insert into HISAweDbs (HISope, HISdat, HISact, IdeDbs, Als, Des, Dct, Dbt, Drv, DbsUsr, DbsPwd, Typ, Dbc, Act) values ('test', (timestamp '2019-01-01 23:00:03.014'), 'D', 16  , 'awesybase2','AWE SYBASE 2','J','syb','com.sybase.jdbc3.jdbc.SybDriver',null, null,'Des','jdbc:sybase:Tds:localhost:5005?ServiceName=awesybase2',	1	);
insert into HISAweDbs (HISope, HISdat, HISact, IdeDbs, Als, Des, Dct, Dbt, Drv, DbsUsr, DbsPwd, Typ, Dbc, Act) values ('test', (timestamp '2019-01-01 23:00:03.015'), 'D', 16  , 'awesybase2','AWE SYBASE 2','J','syb','com.sybase.jdbc3.jdbc.SybDriver',null, null,'Des','jdbc:sybase:Tds:localhost:5005?ServiceName=awesybase2',	1	);
insert into HISAweDbs (HISope, HISdat, HISact, IdeDbs, Als, Des, Dct, Dbt, Drv, DbsUsr, DbsPwd, Typ, Dbc, Act) values ('test', (timestamp '2019-01-01 23:00:03.016'), 'D', 16  , 'awesybase2','AWE SYBASE 2','J','syb','com.sybase.jdbc3.jdbc.SybDriver',null, null,'Des','jdbc:sybase:Tds:localhost:5005?ServiceName=awesybase2',	1	);
insert into HISAweDbs (HISope, HISdat, HISact, IdeDbs, Als, Des, Dct, Dbt, Drv, DbsUsr, DbsPwd, Typ, Dbc, Act) values ('test', (timestamp '2019-01-01 23:00:03.017'), 'D', 16  , 'awesybase2','AWE SYBASE 2','J','syb','com.sybase.jdbc3.jdbc.SybDriver',null, null,'Des','jdbc:sybase:Tds:localhost:5005?ServiceName=awesybase2',	1	);
insert into HISAweDbs (HISope, HISdat, HISact, IdeDbs, Als, Des, Dct, Dbt, Drv, DbsUsr, DbsPwd, Typ, Dbc, Act) values ('test', (timestamp '2019-01-01 23:00:03.018'), 'D', 16  , 'awesybase2','AWE SYBASE 2','J','syb','com.sybase.jdbc3.jdbc.SybDriver',null, null,'Des','jdbc:sybase:Tds:localhost:5005?ServiceName=awesybase2',	1	);
insert into HISAweDbs (HISope, HISdat, HISact, IdeDbs, Als, Des, Dct, Dbt, Drv, DbsUsr, DbsPwd, Typ, Dbc, Act) values ('test', (timestamp '2019-01-01 23:00:03.019'), 'D', 16  , 'awesybase2','AWE SYBASE 2','J','syb','com.sybase.jdbc3.jdbc.SybDriver',null, null,'Des','jdbc:sybase:Tds:localhost:5005?ServiceName=awesybase2',	1	);
insert into HISAweDbs (HISope, HISdat, HISact, IdeDbs, Als, Des, Dct, Dbt, Drv, DbsUsr, DbsPwd, Typ, Dbc, Act) values ('test', (timestamp '2019-01-01 23:00:03.020'), 'D', 16  , 'awesybase2','AWE SYBASE 2','J','syb','com.sybase.jdbc3.jdbc.SybDriver',null, null,'Des','jdbc:sybase:Tds:localhost:5005?ServiceName=awesybase2',	1	);
insert into HISAweDbs (HISope, HISdat, HISact, IdeDbs, Als, Des, Dct, Dbt, Drv, DbsUsr, DbsPwd, Typ, Dbc, Act) values ('test', (timestamp '2019-01-01 23:00:03.021'), 'D', 16  , 'awesybase2','AWE SYBASE 2','J','syb','com.sybase.jdbc3.jdbc.SybDriver',null, null,'Des','jdbc:sybase:Tds:localhost:5005?ServiceName=awesybase2',	1	);
insert into HISAweDbs (HISope, HISdat, HISact, IdeDbs, Als, Des, Dct, Dbt, Drv, DbsUsr, DbsPwd, Typ, Dbc, Act) values ('test', (timestamp '2019-01-01 23:00:03.022'), 'D', 16  , 'awesybase2','AWE SYBASE 2','J','syb','com.sybase.jdbc3.jdbc.SybDriver',null, null,'Des','jdbc:sybase:Tds:localhost:5005?ServiceName=awesybase2',	1	);
insert into HISAweDbs (HISope, HISdat, HISact, IdeDbs, Als, Des, Dct, Dbt, Drv, DbsUsr, DbsPwd, Typ, Dbc, Act) values ('test', (timestamp '2019-01-01 23:00:03.023'), 'D', 16  , 'awesybase2','AWE SYBASE 2','J','syb','com.sybase.jdbc3.jdbc.SybDriver',null, null,'Des','jdbc:sybase:Tds:localhost:5005?ServiceName=awesybase2',	1	);
insert into HISAweDbs (HISope, HISdat, HISact, IdeDbs, Als, Des, Dct, Dbt, Drv, DbsUsr, DbsPwd, Typ, Dbc, Act) values ('test', (timestamp '2019-01-01 23:00:03.024'), 'D', 16  , 'awesybase2','AWE SYBASE 2','J','syb','com.sybase.jdbc3.jdbc.SybDriver',null, null,'Des','jdbc:sybase:Tds:localhost:5005?ServiceName=awesybase2',	1	);
insert into HISAweDbs (HISope, HISdat, HISact, IdeDbs, Als, Des, Dct, Dbt, Drv, DbsUsr, DbsPwd, Typ, Dbc, Act) values ('test', (timestamp '2019-01-01 23:00:03.025'), 'D', 16  , 'awesybase2','AWE SYBASE 2','J','syb','com.sybase.jdbc3.jdbc.SybDriver',null, null,'Des','jdbc:sybase:Tds:localhost:5005?ServiceName=awesybase2',	1	);
insert into HISAweDbs (HISope, HISdat, HISact, IdeDbs, Als, Des, Dct, Dbt, Drv, DbsUsr, DbsPwd, Typ, Dbc, Act) values ('test', (timestamp '2019-01-01 23:00:03.026'), 'D', 16  , 'awesybase2','AWE SYBASE 2','J','syb','com.sybase.jdbc3.jdbc.SybDriver',null, null,'Des','jdbc:sybase:Tds:localhost:5005?ServiceName=awesybase2',	1	);
insert into HISAweDbs (HISope, HISdat, HISact, IdeDbs, Als, Des, Dct, Dbt, Drv, DbsUsr, DbsPwd, Typ, Dbc, Act) values ('test', (timestamp '2019-01-01 23:00:03.027'), 'D', 16  , 'awesybase2','AWE SYBASE 2','J','syb','com.sybase.jdbc3.jdbc.SybDriver',null, null,'Des','jdbc:sybase:Tds:localhost:5005?ServiceName=awesybase2',	1	);
insert into HISAweDbs (HISope, HISdat, HISact, IdeDbs, Als, Des, Dct, Dbt, Drv, DbsUsr, DbsPwd, Typ, Dbc, Act) values ('test', (timestamp '2019-01-01 23:00:03.028'), 'D', 16  , 'awesybase2','AWE SYBASE 2','J','syb','com.sybase.jdbc3.jdbc.SybDriver',null, null,'Des','jdbc:sybase:Tds:localhost:5005?ServiceName=awesybase2',	1	);
insert into HISAweDbs (HISope, HISdat, HISact, IdeDbs, Als, Des, Dct, Dbt, Drv, DbsUsr, DbsPwd, Typ, Dbc, Act) values ('test', (timestamp '2019-01-01 23:00:03.029'), 'D', 16  , 'awesybase2','AWE SYBASE 2','J','syb','com.sybase.jdbc3.jdbc.SybDriver',null, null,'Des','jdbc:sybase:Tds:localhost:5005?ServiceName=awesybase2',	1	);
insert into HISAweDbs (HISope, HISdat, HISact, IdeDbs, Als, Des, Dct, Dbt, Drv, DbsUsr, DbsPwd, Typ, Dbc, Act) values ('test', (timestamp '2019-01-01 23:00:03.030'), 'D', 16  , 'awesybase2','AWE SYBASE 2','J','syb','com.sybase.jdbc3.jdbc.SybDriver',null, null,'Des','jdbc:sybase:Tds:localhost:5005?ServiceName=awesybase2',	1	);
insert into HISAweDbs (HISope, HISdat, HISact, IdeDbs, Als, Des, Dct, Dbt, Drv, DbsUsr, DbsPwd, Typ, Dbc, Act) values ('test', (timestamp '2019-01-01 23:00:03.031'), 'U', 16  , 'awesybase2','AWE SYBASE 2','J','syb','com.sybase.jdbc3.jdbc.SybDriver',null, null,'Des','jdbc:sybase:Tds:localhost:5005?ServiceName=awesybase2',	1	);
insert into HISAweDbs (HISope, HISdat, HISact, IdeDbs, Als, Des, Dct, Dbt, Drv, DbsUsr, DbsPwd, Typ, Dbc, Act) values ('test', (timestamp '2019-01-01 23:00:03.032'), 'U', 16  , 'awesybase2','AWE SYBASE 2','J','syb','com.sybase.jdbc3.jdbc.SybDriver',null, null,'Des','jdbc:sybase:Tds:localhost:5005?ServiceName=awesybase2',	1	);
insert into HISAweDbs (HISope, HISdat, HISact, IdeDbs, Als, Des, Dct, Dbt, Drv, DbsUsr, DbsPwd, Typ, Dbc, Act) values ('test', (timestamp '2019-01-01 23:00:03.033'), 'U', 16  , 'awesybase2','AWE SYBASE 2','J','syb','com.sybase.jdbc3.jdbc.SybDriver',null, null,'Des','jdbc:sybase:Tds:localhost:5005?ServiceName=awesybase2',	1	);
insert into HISAweDbs (HISope, HISdat, HISact, IdeDbs, Als, Des, Dct, Dbt, Drv, DbsUsr, DbsPwd, Typ, Dbc, Act) values ('test', (timestamp '2019-01-01 23:00:03.034'), 'U', 16  , 'awesybase2','AWE SYBASE 2','J','syb','com.sybase.jdbc3.jdbc.SybDriver',null, null,'Des','jdbc:sybase:Tds:localhost:5005?ServiceName=awesybase2',	1	);
insert into HISAweDbs (HISope, HISdat, HISact, IdeDbs, Als, Des, Dct, Dbt, Drv, DbsUsr, DbsPwd, Typ, Dbc, Act) values ('test', (timestamp '2019-01-01 23:00:03.035'), 'U', 16  , 'awesybase2','AWE SYBASE 2','J','syb','com.sybase.jdbc3.jdbc.SybDriver',null, null,'Des','jdbc:sybase:Tds:localhost:5005?ServiceName=awesybase2',	1	);
insert into HISAweDbs (HISope, HISdat, HISact, IdeDbs, Als, Des, Dct, Dbt, Drv, DbsUsr, DbsPwd, Typ, Dbc, Act) values ('test', (timestamp '2019-01-01 23:00:03.036'), 'U', 16  , 'awesybase2','AWE SYBASE 2','J','syb','com.sybase.jdbc3.jdbc.SybDriver',null, null,'Des','jdbc:sybase:Tds:localhost:5005?ServiceName=awesybase2',	1	);
insert into HISAweDbs (HISope, HISdat, HISact, IdeDbs, Als, Des, Dct, Dbt, Drv, DbsUsr, DbsPwd, Typ, Dbc, Act) values ('test', (timestamp '2019-01-01 23:00:03.037'), 'U', 16  , 'awesybase2','AWE SYBASE 2','J','syb','com.sybase.jdbc3.jdbc.SybDriver',null, null,'Des','jdbc:sybase:Tds:localhost:5005?ServiceName=awesybase2',	1	);
insert into HISAweDbs (HISope, HISdat, HISact, IdeDbs, Als, Des, Dct, Dbt, Drv, DbsUsr, DbsPwd, Typ, Dbc, Act) values ('test', (timestamp '2019-01-01 23:00:03.038'), 'U', 16  , 'awesybase2','AWE SYBASE 2','J','syb','com.sybase.jdbc3.jdbc.SybDriver',null, null,'Des','jdbc:sybase:Tds:localhost:5005?ServiceName=awesybase2',	1	);
insert into HISAweDbs (HISope, HISdat, HISact, IdeDbs, Als, Des, Dct, Dbt, Drv, DbsUsr, DbsPwd, Typ, Dbc, Act) values ('test', (timestamp '2019-01-01 23:00:03.039'), 'U', 16  , 'awesybase2','AWE SYBASE 2','J','syb','com.sybase.jdbc3.jdbc.SybDriver',null, null,'Des','jdbc:sybase:Tds:localhost:5005?ServiceName=awesybase2',	1	);
insert into HISAweDbs (HISope, HISdat, HISact, IdeDbs, Als, Des, Dct, Dbt, Drv, DbsUsr, DbsPwd, Typ, Dbc, Act) values ('test', (timestamp '2019-01-01 23:00:03.040'), 'U', 16  , 'awesybase2','AWE SYBASE 2','J','syb','com.sybase.jdbc3.jdbc.SybDriver',null, null,'Des','jdbc:sybase:Tds:localhost:5005?ServiceName=awesybase2',	1	);
insert into HISAweDbs (HISope, HISdat, HISact, IdeDbs, Als, Des, Dct, Dbt, Drv, DbsUsr, DbsPwd, Typ, Dbc, Act) values ('test', (timestamp '2019-01-01 23:00:03.041'), 'U', 16  , 'awesybase2','AWE SYBASE 2','J','syb','com.sybase.jdbc3.jdbc.SybDriver',null, null,'Des','jdbc:sybase:Tds:localhost:5005?ServiceName=awesybase2',	1	);
insert into HISAweDbs (HISope, HISdat, HISact, IdeDbs, Als, Des, Dct, Dbt, Drv, DbsUsr, DbsPwd, Typ, Dbc, Act) values ('test', (timestamp '2019-01-01 23:00:01.001'), 'U', 16  , 'awesybase2','AWE SYBASE 2','J','syb','com.sybase.jdbc3.jdbc.SybDriver',null, null,'Des','jdbc:sybase:Tds:localhost:5005?ServiceName=awesybase2',	1	);
insert into HISAweDbs (HISope, HISdat, HISact, IdeDbs, Als, Des, Dct, Dbt, Drv, DbsUsr, DbsPwd, Typ, Dbc, Act) values ('test', (timestamp '2019-01-01 23:00:01.002'), 'U', 16  , 'awesybase2','AWE SYBASE 2','J','syb','com.sybase.jdbc3.jdbc.SybDriver',null, null,'Des','jdbc:sybase:Tds:localhost:5005?ServiceName=awesybase2',	1	);
insert into HISAweDbs (HISope, HISdat, HISact, IdeDbs, Als, Des, Dct, Dbt, Drv, DbsUsr, DbsPwd, Typ, Dbc, Act) values ('test', (timestamp '2019-01-01 23:00:01.003'), 'U', 16  , 'awesybase2','AWE SYBASE 2','J','syb','com.sybase.jdbc3.jdbc.SybDriver',null, null,'Des','jdbc:sybase:Tds:localhost:5005?ServiceName=awesybase2',	1	);
insert into HISAweDbs (HISope, HISdat, HISact, IdeDbs, Als, Des, Dct, Dbt, Drv, DbsUsr, DbsPwd, Typ, Dbc, Act) values ('test', (timestamp '2019-01-01 23:00:01.004'), 'U', 16  , 'awesybase2','AWE SYBASE 2','J','syb','com.sybase.jdbc3.jdbc.SybDriver',null, null,'Des','jdbc:sybase:Tds:localhost:5005?ServiceName=awesybase2',	1	);
insert into HISAweDbs (HISope, HISdat, HISact, IdeDbs, Als, Des, Dct, Dbt, Drv, DbsUsr, DbsPwd, Typ, Dbc, Act) values ('test', (timestamp '2019-01-01 23:00:01.005'), 'U', 16  , 'awesybase2','AWE SYBASE 2','J','syb','com.sybase.jdbc3.jdbc.SybDriver',null, null,'Des','jdbc:sybase:Tds:localhost:5005?ServiceName=awesybase2',	1	);
insert into HISAweDbs (HISope, HISdat, HISact, IdeDbs, Als, Des, Dct, Dbt, Drv, DbsUsr, DbsPwd, Typ, Dbc, Act) values ('test', (timestamp '2019-01-01 23:00:01.006'), 'U', 16  , 'awesybase2','AWE SYBASE 2','J','syb','com.sybase.jdbc3.jdbc.SybDriver',null, null,'Des','jdbc:sybase:Tds:localhost:5005?ServiceName=awesybase2',	1	);
insert into HISAweDbs (HISope, HISdat, HISact, IdeDbs, Als, Des, Dct, Dbt, Drv, DbsUsr, DbsPwd, Typ, Dbc, Act) values ('test', (timestamp '2019-01-01 23:00:01.007'), 'U', 16  , 'awesybase2','AWE SYBASE 2','J','syb','com.sybase.jdbc3.jdbc.SybDriver',null, null,'Des','jdbc:sybase:Tds:localhost:5005?ServiceName=awesybase2',	1	);
insert into HISAweDbs (HISope, HISdat, HISact, IdeDbs, Als, Des, Dct, Dbt, Drv, DbsUsr, DbsPwd, Typ, Dbc, Act) values ('test', (timestamp '2019-01-01 23:00:01.008'), 'U', 16  , 'awesybase2','AWE SYBASE 2','J','syb','com.sybase.jdbc3.jdbc.SybDriver',null, null,'Des','jdbc:sybase:Tds:localhost:5005?ServiceName=awesybase2',	1	);
insert into HISAweDbs (HISope, HISdat, HISact, IdeDbs, Als, Des, Dct, Dbt, Drv, DbsUsr, DbsPwd, Typ, Dbc, Act) values ('test', (timestamp '2019-01-01 23:00:01.009'), 'U', 16  , 'awesybase2','AWE SYBASE 2','J','syb','com.sybase.jdbc3.jdbc.SybDriver',null, null,'Des','jdbc:sybase:Tds:localhost:5005?ServiceName=awesybase2',	1	);
insert into HISAweDbs (HISope, HISdat, HISact, IdeDbs, Als, Des, Dct, Dbt, Drv, DbsUsr, DbsPwd, Typ, Dbc, Act) values ('test', (timestamp '2019-01-01 23:00:01.010'), 'U', 16  , 'awesybase2','AWE SYBASE 2','J','syb','com.sybase.jdbc3.jdbc.SybDriver',null, null,'Des','jdbc:sybase:Tds:localhost:5005?ServiceName=awesybase2',	1	);
insert into HISAweDbs (HISope, HISdat, HISact, IdeDbs, Als, Des, Dct, Dbt, Drv, DbsUsr, DbsPwd, Typ, Dbc, Act) values ('test', (timestamp '2019-01-01 23:00:01.011'), 'U', 16  , 'awesybase2','AWE SYBASE 2','J','syb','com.sybase.jdbc3.jdbc.SybDriver',null, null,'Des','jdbc:sybase:Tds:localhost:5005?ServiceName=awesybase2',	1	);
insert into HISAweDbs (HISope, HISdat, HISact, IdeDbs, Als, Des, Dct, Dbt, Drv, DbsUsr, DbsPwd, Typ, Dbc, Act) values ('test', (timestamp '2019-01-01 23:00:01.012'), 'U', 16  , 'awesybase2','AWE SYBASE 2','J','syb','com.sybase.jdbc3.jdbc.SybDriver',null, null,'Des','jdbc:sybase:Tds:localhost:5005?ServiceName=awesybase2',	1	);
insert into HISAweDbs (HISope, HISdat, HISact, IdeDbs, Als, Des, Dct, Dbt, Drv, DbsUsr, DbsPwd, Typ, Dbc, Act) values ('test', (timestamp '2019-01-01 23:00:01.013'), 'U', 16  , 'awesybase2','AWE SYBASE 2','J','syb','com.sybase.jdbc3.jdbc.SybDriver',null, null,'Des','jdbc:sybase:Tds:localhost:5005?ServiceName=awesybase2',	1	);
insert into HISAweDbs (HISope, HISdat, HISact, IdeDbs, Als, Des, Dct, Dbt, Drv, DbsUsr, DbsPwd, Typ, Dbc, Act) values ('test', (timestamp '2019-01-01 23:00:01.014'), 'U', 16  , 'awesybase2','AWE SYBASE 2','J','syb','com.sybase.jdbc3.jdbc.SybDriver',null, null,'Des','jdbc:sybase:Tds:localhost:5005?ServiceName=awesybase2',	1	);
insert into HISAweDbs (HISope, HISdat, HISact, IdeDbs, Als, Des, Dct, Dbt, Drv, DbsUsr, DbsPwd, Typ, Dbc, Act) values ('test', (timestamp '2019-01-01 23:00:01.015'), 'U', 16  , 'awesybase2','AWE SYBASE 2','J','syb','com.sybase.jdbc3.jdbc.SybDriver',null, null,'Des','jdbc:sybase:Tds:localhost:5005?ServiceName=awesybase2',	1	);
insert into HISAweDbs (HISope, HISdat, HISact, IdeDbs, Als, Des, Dct, Dbt, Drv, DbsUsr, DbsPwd, Typ, Dbc, Act) values ('test', (timestamp '2019-01-01 23:00:01.016'), 'U', 16  , 'awesybase2','AWE SYBASE 2','J','syb','com.sybase.jdbc3.jdbc.SybDriver',null, null,'Des','jdbc:sybase:Tds:localhost:5005?ServiceName=awesybase2',	1	);
insert into HISAweDbs (HISope, HISdat, HISact, IdeDbs, Als, Des, Dct, Dbt, Drv, DbsUsr, DbsPwd, Typ, Dbc, Act) values ('test', (timestamp '2019-01-01 23:00:01.017'), 'U', 16  , 'awesybase2','AWE SYBASE 2','J','syb','com.sybase.jdbc3.jdbc.SybDriver',null, null,'Des','jdbc:sybase:Tds:localhost:5005?ServiceName=awesybase2',	1	);
insert into HISAweDbs (HISope, HISdat, HISact, IdeDbs, Als, Des, Dct, Dbt, Drv, DbsUsr, DbsPwd, Typ, Dbc, Act) values ('test', (timestamp '2019-01-01 23:00:01.018'), 'U', 16  , 'awesybase2','AWE SYBASE 2','J','syb','com.sybase.jdbc3.jdbc.SybDriver',null, null,'Des','jdbc:sybase:Tds:localhost:5005?ServiceName=awesybase2',	1	);
insert into HISAweDbs (HISope, HISdat, HISact, IdeDbs, Als, Des, Dct, Dbt, Drv, DbsUsr, DbsPwd, Typ, Dbc, Act) values ('test', (timestamp '2019-01-01 23:00:01.019'), 'U', 16  , 'awesybase2','AWE SYBASE 2','J','syb','com.sybase.jdbc3.jdbc.SybDriver',null, null,'Des','jdbc:sybase:Tds:localhost:5005?ServiceName=awesybase2',	1	);
insert into HISAweDbs (HISope, HISdat, HISact, IdeDbs, Als, Des, Dct, Dbt, Drv, DbsUsr, DbsPwd, Typ, Dbc, Act) values ('test', (timestamp '2019-01-01 23:00:01.020'), 'U', 16  , 'awesybase2','AWE SYBASE 2','J','syb','com.sybase.jdbc3.jdbc.SybDriver',null, null,'Des','jdbc:sybase:Tds:localhost:5005?ServiceName=awesybase2',	1	);